season,mean_pm25,median_pm25,std_pm25,station,year
Monsoon,36.58769970559743,27.990000000000002,26.23466633113489,station_113_shadipur_delhi_cpcb_1hr,2021
Post-monsoon,122.40771174863389,97.75999999999999,105.59403633336194,station_113_shadipur_delhi_cpcb_1hr,2021
Pre-monsoon,63.638081974637686,53.56,48.78806854996958,station_113_shadipur_delhi_cpcb_1hr,2021
Winter,111.7146827234831,96.52,68.79379007212216,station_113_shadipur_delhi_cpcb_1hr,2021
Monsoon,128.86237066456627,111.75,72.23609555371029,station_113_shadipur_delhi_cpcb_1hr,2022
Post-monsoon,307.3852526192108,290.1,167.7884195872679,station_113_shadipur_delhi_cpcb_1hr,2022
Pre-monsoon,252.45885218978103,223.435,122.63294278363635,station_113_shadipur_delhi_cpcb_1hr,2022
Winter,290.0879911668991,260.25,147.5192207111061,station_113_shadipur_delhi_cpcb_1hr,2022
Monsoon,51.407670709888286,41.65,36.30321191212878,station_113_shadipur_delhi_cpcb_1hr,2023
Post-monsoon,166.32965854495538,149.375,102.69756018753141,station_113_shadipur_delhi_cpcb_1hr,2023
Pre-monsoon,102.83945181956277,91.325,69.37738432242703,station_113_shadipur_delhi_cpcb_1hr,2023
Winter,184.0777471424158,167.5125,84.67672953307523,station_113_shadipur_delhi_cpcb_1hr,2023
Monsoon,70.05752828561573,45.3,80.1407737615461,station_113_shadipur_delhi_cpcb_1hr,2024
Post-monsoon,182.62353951890034,148.72,127.63131916295934,station_113_shadipur_delhi_cpcb_1hr,2024
Pre-monsoon,125.74710451561033,105.62,85.29338274549418,station_113_shadipur_delhi_cpcb_1hr,2024
Winter,164.42440126932163,151.11,87.84734682188953,station_113_shadipur_delhi_cpcb_1hr,2024
Monsoon,37.00635064935065,29.1,26.49637082880086,station_114_ihbas_dilshad_garden_delhi_cpcb_1hr,2021
Post-monsoon,151.0190790436286,131.6,104.2049199357917,station_114_ihbas_dilshad_garden_delhi_cpcb_1hr,2021
Pre-monsoon,62.32330907028411,53.82,41.75214606348964,station_114_ihbas_dilshad_garden_delhi_cpcb_1hr,2021
Winter,144.37791736825696,128.315,79.54653681404459,station_114_ihbas_dilshad_garden_delhi_cpcb_1hr,2021
Monsoon,47.72303919757512,41.535,30.191843170258494,station_114_ihbas_dilshad_garden_delhi_cpcb_1hr,2022
Post-monsoon,113.22194781731366,106.92,59.54010421308087,station_114_ihbas_dilshad_garden_delhi_cpcb_1hr,2022
Pre-monsoon,88.56848881526969,80.3,47.50489298860253,station_114_ihbas_dilshad_garden_delhi_cpcb_1hr,2022
Winter,115.43683369695349,107.1,56.39389672111034,station_114_ihbas_dilshad_garden_delhi_cpcb_1hr,2022
Monsoon,103.3686611928349,95.0,56.61686790501795,station_114_ihbas_dilshad_garden_delhi_cpcb_1hr,2023
Post-monsoon,224.11451437163902,205.075,98.15971191263714,station_114_ihbas_dilshad_garden_delhi_cpcb_1hr,2023
Pre-monsoon,161.9550848955369,148.625,85.52501890582401,station_114_ihbas_dilshad_garden_delhi_cpcb_1hr,2023
Winter,225.67828896582915,213.15,72.97327060808297,station_114_ihbas_dilshad_garden_delhi_cpcb_1hr,2023
Monsoon,38.83371656825287,29.72,24.048656627706208,station_114_ihbas_dilshad_garden_delhi_cpcb_1hr,2024
Post-monsoon,133.45388166894665,106.18,96.31057015103201,station_114_ihbas_dilshad_garden_delhi_cpcb_1hr,2024
Pre-monsoon,63.545169164479944,62.22,19.393967615360822,station_114_ihbas_dilshad_garden_delhi_cpcb_1hr,2024
Winter,99.45018218312967,93.62,47.26547417695348,station_114_ihbas_dilshad_garden_delhi_cpcb_1hr,2024
Monsoon,46.16661612481785,37.59,37.31266010972192,station_115_nsit_dwarka_delhi_cpcb_1hr,2021
Post-monsoon,162.90751873914337,154.33,93.1230228949859,station_115_nsit_dwarka_delhi_cpcb_1hr,2021
Pre-monsoon,102.10682484923156,88.51,70.30020707936961,station_115_nsit_dwarka_delhi_cpcb_1hr,2021
Winter,123.72501852709588,104.08,72.729374035147,station_115_nsit_dwarka_delhi_cpcb_1hr,2021
Monsoon,58.11615627511769,46.98,38.66065724095881,station_115_nsit_dwarka_delhi_cpcb_1hr,2022
Post-monsoon,166.05383770250367,145.72,110.63173849999183,station_115_nsit_dwarka_delhi_cpcb_1hr,2022
Pre-monsoon,129.36017271365347,119.85,62.9882768724483,station_115_nsit_dwarka_delhi_cpcb_1hr,2022
Winter,152.91163294412087,138.6,81.80139531092534,station_115_nsit_dwarka_delhi_cpcb_1hr,2022
Monsoon,61.20937570838508,53.03333333333333,39.50245462718885,station_115_nsit_dwarka_delhi_cpcb_1hr,2023
Post-monsoon,169.69685998627318,152.5,93.31118080131054,station_115_nsit_dwarka_delhi_cpcb_1hr,2023
Pre-monsoon,106.23133019688582,91.3,65.59891757524575,station_115_nsit_dwarka_delhi_cpcb_1hr,2023
Winter,176.24727966232962,161.19166666666666,84.8264569879674,station_115_nsit_dwarka_delhi_cpcb_1hr,2023
Monsoon,46.91840052349843,40.325,32.92598704588054,station_115_nsit_dwarka_delhi_cpcb_1hr,2024
Post-monsoon,152.29965659340658,130.4,99.68947123280684,station_115_nsit_dwarka_delhi_cpcb_1hr,2024
Pre-monsoon,112.48292074049803,102.685,57.36041352794827,station_115_nsit_dwarka_delhi_cpcb_1hr,2024
Winter,130.6568336397059,116.775,78.14481564897568,station_115_nsit_dwarka_delhi_cpcb_1hr,2024
Monsoon,43.4791233937687,37.0,29.654059385022244,station_122_mandir_marg_delhi_dpcc_1hr,2021
Post-monsoon,154.70995020604394,126.5,119.67986371216602,station_122_mandir_marg_delhi_dpcc_1hr,2021
Pre-monsoon,75.06838187065459,64.125,56.79540126047281,station_122_mandir_marg_delhi_dpcc_1hr,2021
Winter,172.40320993513686,156.75,96.90739825407455,station_122_mandir_marg_delhi_dpcc_1hr,2021
Monsoon,108.72550791915313,87.0,80.19691899977987,station_122_mandir_marg_delhi_dpcc_1hr,2022
Post-monsoon,207.20751537935746,197.0,113.91777562806541,station_122_mandir_marg_delhi_dpcc_1hr,2022
Pre-monsoon,223.3997952511267,207.25,96.46379566388048,station_122_mandir_marg_delhi_dpcc_1hr,2022
Winter,214.0854816849817,202.625,95.39513375364089,station_122_mandir_marg_delhi_dpcc_1hr,2022
Monsoon,33.219615415143636,29.75,22.445177213434036,station_122_mandir_marg_delhi_dpcc_1hr,2023
Post-monsoon,160.74653236231362,141.25,109.49110314481176,station_122_mandir_marg_delhi_dpcc_1hr,2023
Pre-monsoon,60.97015871684077,49.25,40.548818687369454,station_122_mandir_marg_delhi_dpcc_1hr,2023
Winter,157.32645670318206,143.125,83.24091017917475,station_122_mandir_marg_delhi_dpcc_1hr,2023
Monsoon,80.13514603187889,66.0,56.97128564409452,station_122_mandir_marg_delhi_dpcc_1hr,2024
Post-monsoon,238.38200980708433,213.0,141.09811422667218,station_122_mandir_marg_delhi_dpcc_1hr,2024
Pre-monsoon,128.04242238546664,119.75,51.865471882442115,station_122_mandir_marg_delhi_dpcc_1hr,2024
Winter,234.50996807766356,219.25,119.37450029578673,station_122_mandir_marg_delhi_dpcc_1hr,2024
Monsoon,105.06846990173939,89.0,72.27000491401203,station_124_r_k_puram_delhi_dpcc_1hr,2021
Post-monsoon,231.60300010435145,219.0,130.97971779540953,station_124_r_k_puram_delhi_dpcc_1hr,2021
Pre-monsoon,211.49785813907152,186.0,120.25924751333578,station_124_r_k_puram_delhi_dpcc_1hr,2021
Winter,289.78809569074775,258.5,142.4200090661609,station_124_r_k_puram_delhi_dpcc_1hr,2021
Monsoon,111.01398995089643,92.75,75.09962048601858,station_124_r_k_puram_delhi_dpcc_1hr,2022
Post-monsoon,238.5738305898491,231.0,118.80974737234844,station_124_r_k_puram_delhi_dpcc_1hr,2022
Pre-monsoon,250.42253493413213,237.5,100.87942157358809,station_124_r_k_puram_delhi_dpcc_1hr,2022
Winter,243.38149648711945,226.0,110.26453349216003,station_124_r_k_puram_delhi_dpcc_1hr,2022
Monsoon,55.4969626516136,52.5,31.635308804929956,station_124_r_k_puram_delhi_dpcc_1hr,2023
Post-monsoon,195.20082882063576,166.75,127.78870369839954,station_124_r_k_puram_delhi_dpcc_1hr,2023
Pre-monsoon,86.56272851919562,72.58333333333334,59.15849444865828,station_124_r_k_puram_delhi_dpcc_1hr,2023
Winter,189.03724569640062,168.25,115.64752554778931,station_124_r_k_puram_delhi_dpcc_1hr,2023
Monsoon,50.142044961068656,45.0,28.11090728651443,station_124_r_k_puram_delhi_dpcc_1hr,2024
Post-monsoon,190.76048976673854,171.0,123.79822454061234,station_124_r_k_puram_delhi_dpcc_1hr,2024
Pre-monsoon,82.93452478399271,71.25,47.27487413480761,station_124_r_k_puram_delhi_dpcc_1hr,2024
Winter,191.88491026231017,171.75,121.23201209831402,station_124_r_k_puram_delhi_dpcc_1hr,2024
Monsoon,105.44987495688169,92.25,63.68548961102046,station_125_punjabi_bagh_delhi_dpcc_1hr,2021
Post-monsoon,277.87843728100916,249.0,157.2360381602666,station_125_punjabi_bagh_delhi_dpcc_1hr,2021
Pre-monsoon,180.1869258224705,154.25,113.91041884991226,station_125_punjabi_bagh_delhi_dpcc_1hr,2021
Winter,306.51976108741405,271.125,159.3231989771627,station_125_punjabi_bagh_delhi_dpcc_1hr,2021
Monsoon,133.62387953790045,116.25,88.03369950455092,station_125_punjabi_bagh_delhi_dpcc_1hr,2022
Post-monsoon,278.8904854949656,257.0,153.05591191830575,station_125_punjabi_bagh_delhi_dpcc_1hr,2022
Pre-monsoon,277.20666859147326,255.0,124.9582181067015,station_125_punjabi_bagh_delhi_dpcc_1hr,2022
Winter,277.5703792233436,250.75,141.78242151304448,station_125_punjabi_bagh_delhi_dpcc_1hr,2022
Monsoon,47.447570129309256,44.0,22.913734306744374,station_125_punjabi_bagh_delhi_dpcc_1hr,2023
Post-monsoon,207.64135338345864,178.75,141.68729118211849,station_125_punjabi_bagh_delhi_dpcc_1hr,2023
Pre-monsoon,78.9617512981156,63.5,53.59556519477093,station_125_punjabi_bagh_delhi_dpcc_1hr,2023
Winter,188.8901319441479,174.25,102.53147507693355,station_125_punjabi_bagh_delhi_dpcc_1hr,2023
Monsoon,50.747023399436834,47.0,26.876969423228648,station_125_punjabi_bagh_delhi_dpcc_1hr,2024
Post-monsoon,205.96893871893872,178.0,143.81719495367014,station_125_punjabi_bagh_delhi_dpcc_1hr,2024
Pre-monsoon,84.95619791666667,74.0,52.82675838470394,station_125_punjabi_bagh_delhi_dpcc_1hr,2024
Winter,192.06942184718832,173.75,116.87948720529253,station_125_punjabi_bagh_delhi_dpcc_1hr,2024
Monsoon,112.4961603468548,88.75,86.47691884110282,station_1420_ashok_vihar_delhi_dpcc_1hr,2021
Post-monsoon,308.3183785911059,279.75,172.5618554176135,station_1420_ashok_vihar_delhi_dpcc_1hr,2021
Pre-monsoon,207.89237834854418,184.0,127.01672989761171,station_1420_ashok_vihar_delhi_dpcc_1hr,2021
Winter,324.88888445279474,290.0,162.9370891571099,station_1420_ashok_vihar_delhi_dpcc_1hr,2021
Monsoon,125.1448909017092,104.75,87.94220582469627,station_1420_ashok_vihar_delhi_dpcc_1hr,2022
Post-monsoon,294.64806103458716,275.0,167.38401240857397,station_1420_ashok_vihar_delhi_dpcc_1hr,2022
Pre-monsoon,256.3125846953963,234.25,114.65364290771295,station_1420_ashok_vihar_delhi_dpcc_1hr,2022
Winter,267.91650837361624,244.125,136.18858544100732,station_1420_ashok_vihar_delhi_dpcc_1hr,2022
Monsoon,29.074533664146188,25.75,16.670359150741916,station_1420_ashok_vihar_delhi_dpcc_1hr,2023
Post-monsoon,184.10435179346976,163.95000000000002,119.91580510497741,station_1420_ashok_vihar_delhi_dpcc_1hr,2023
Pre-monsoon,61.35946225226687,48.0,44.26325746130526,station_1420_ashok_vihar_delhi_dpcc_1hr,2023
Winter,169.8368737319743,157.75,90.7227136341275,station_1420_ashok_vihar_delhi_dpcc_1hr,2023
Monsoon,102.21909126846865,85.0,72.5376946728295,station_1420_ashok_vihar_delhi_dpcc_1hr,2024
Post-monsoon,340.82108302892686,311.0,184.63798303837123,station_1420_ashok_vihar_delhi_dpcc_1hr,2024
Pre-monsoon,226.3498980054397,211.0,91.7627443153764,station_1420_ashok_vihar_delhi_dpcc_1hr,2024
Winter,308.0677205635693,278.25,154.56758341326622,station_1420_ashok_vihar_delhi_dpcc_1hr,2024
Monsoon,91.31421971252567,71.5,71.60968746484221,station_1421_dr__karni_singh_shooting_range_delhi_dpc,2021
Post-monsoon,257.9383700266561,243.25,145.10340975241652,station_1421_dr__karni_singh_shooting_range_delhi_dpc,2021
Pre-monsoon,181.67423893953332,160.0,107.53446435318364,station_1421_dr__karni_singh_shooting_range_delhi_dpc,2021
Winter,271.25319223573433,256.25,119.2440785617241,station_1421_dr__karni_singh_shooting_range_delhi_dpc,2021
Monsoon,93.88145516665028,73.0,74.809600336265,station_1421_dr__karni_singh_shooting_range_delhi_dpc,2022
Post-monsoon,221.30252233676975,214.5,117.02993965754425,station_1421_dr__karni_singh_shooting_range_delhi_dpc,2022
Pre-monsoon,215.98085805277523,200.75,93.72868806683441,station_1421_dr__karni_singh_shooting_range_delhi_dpc,2022
Winter,225.16891557835822,214.125,104.15724282994994,station_1421_dr__karni_singh_shooting_range_delhi_dpc,2022
Monsoon,34.214673798251866,32.25,17.39803783182921,station_1421_dr__karni_singh_shooting_range_delhi_dpc,2023
Post-monsoon,169.13468992248062,141.75,116.71354799017091,station_1421_dr__karni_singh_shooting_range_delhi_dpc,2023
Pre-monsoon,60.14330464975845,48.25,41.552116571438496,station_1421_dr__karni_singh_shooting_range_delhi_dpc,2023
Winter,166.57168209876542,153.875,95.833374210004,station_1421_dr__karni_singh_shooting_range_delhi_dpc,2023
Monsoon,40.504419750652936,35.0,24.954374226629362,station_1421_dr__karni_singh_shooting_range_delhi_dpc,2024
Post-monsoon,175.706568088033,156.0,127.87555610521478,station_1421_dr__karni_singh_shooting_range_delhi_dpc,2024
Pre-monsoon,68.5433446557971,59.75,39.98451896151465,station_1421_dr__karni_singh_shooting_range_delhi_dpc,2024
Winter,168.743669493592,154.0,98.5371321594937,station_1421_dr__karni_singh_shooting_range_delhi_dpc,2024
Monsoon,38.392749289145996,35.5,20.108104859619296,station_1422_dwarka_sector_8_delhi_dpcc__1hr,2021
Post-monsoon,161.5980861244019,135.75,118.22198667104809,station_1422_dwarka_sector_8_delhi_dpcc__1hr,2021
Pre-monsoon,80.23301281281161,62.75,60.98172601493169,station_1422_dwarka_sector_8_delhi_dpcc__1hr,2021
Winter,195.39594459279039,174.875,108.13516943856607,station_1422_dwarka_sector_8_delhi_dpcc__1hr,2021
Monsoon,36.929515449553314,31.75,23.218276842449384,station_1422_dwarka_sector_8_delhi_dpcc__1hr,2022
Post-monsoon,146.37552361396305,133.0,97.67773800672074,station_1422_dwarka_sector_8_delhi_dpcc__1hr,2022
Pre-monsoon,89.64995812005584,74.75,51.55652632168075,station_1422_dwarka_sector_8_delhi_dpcc__1hr,2022
Winter,157.80819626168224,143.0,88.77560310118032,station_1422_dwarka_sector_8_delhi_dpcc__1hr,2022
Monsoon,35.41180193997121,32.25,18.70237406624779,station_1422_dwarka_sector_8_delhi_dpcc__1hr,2023
Post-monsoon,188.25808201964819,167.25,119.76205642373061,station_1422_dwarka_sector_8_delhi_dpcc__1hr,2023
Pre-monsoon,70.7312560823962,52.75,52.16306430344616,station_1422_dwarka_sector_8_delhi_dpcc__1hr,2023
Winter,182.9159150782582,166.5,105.3735935696714,station_1422_dwarka_sector_8_delhi_dpcc__1hr,2023
Monsoon,40.75717213114754,36.0,24.912396826451324,station_1422_dwarka_sector_8_delhi_dpcc__1hr,2024
Post-monsoon,190.47375256322624,167.0,134.4107936880951,station_1422_dwarka_sector_8_delhi_dpcc__1hr,2024
Pre-monsoon,82.80876358695652,66.0,60.02521241357113,station_1422_dwarka_sector_8_delhi_dpcc__1hr,2024
Winter,180.5127793040293,163.125,106.71647874892037,station_1422_dwarka_sector_8_delhi_dpcc__1hr,2024
Monsoon,125.3373170961956,102.5,90.67625027898951,station_1423_jahangirpuri_delhi_dpcc_1hr,2021
Post-monsoon,362.7301111811478,329.25,193.25561467966236,station_1423_jahangirpuri_delhi_dpcc_1hr,2021
Pre-monsoon,252.27600884680865,231.0,136.4370214018664,station_1423_jahangirpuri_delhi_dpcc_1hr,2021
Winter,388.2165444920933,354.625,177.49062425556713,station_1423_jahangirpuri_delhi_dpcc_1hr,2021
Monsoon,137.91510383419842,115.5,89.30112366269425,station_1423_jahangirpuri_delhi_dpcc_1hr,2022
Post-monsoon,352.86300396278426,327.75,191.0681588060392,station_1423_jahangirpuri_delhi_dpcc_1hr,2022
Pre-monsoon,277.05006925418564,250.0,127.06114078027579,station_1423_jahangirpuri_delhi_dpcc_1hr,2022
Winter,328.24674203574205,294.25,167.63959591062562,station_1423_jahangirpuri_delhi_dpcc_1hr,2022
Monsoon,46.107088402630126,41.5,24.724507226234824,station_1423_jahangirpuri_delhi_dpcc_1hr,2023
Post-monsoon,216.93986742424244,190.49999999999994,138.36737916052653,station_1423_jahangirpuri_delhi_dpcc_1hr,2023
Pre-monsoon,86.6251403760031,68.0,60.995379568668724,station_1423_jahangirpuri_delhi_dpcc_1hr,2023
Winter,200.86517954540395,186.3333333333333,108.09865663165306,station_1423_jahangirpuri_delhi_dpcc_1hr,2023
Monsoon,49.474764652968624,42.0,31.79801747201129,station_1423_jahangirpuri_delhi_dpcc_1hr,2024
Post-monsoon,222.4190622861054,201.0,145.34621690374212,station_1423_jahangirpuri_delhi_dpcc_1hr,2024
Pre-monsoon,95.18791156295933,78.0,61.54799381930689,station_1423_jahangirpuri_delhi_dpcc_1hr,2024
Winter,204.40810617494586,181.33,123.98361901039142,station_1423_jahangirpuri_delhi_dpcc_1hr,2024
Monsoon,36.36432058350563,33.0,19.44719644287608,station_1424_jawaharlal_nehru_stadium_delhi_dpcc_1hr,2021
Post-monsoon,156.82040005449096,136.125,119.7143475780656,station_1424_jawaharlal_nehru_stadium_delhi_dpcc_1hr,2021
Pre-monsoon,62.65055416978465,51.25,45.72965266257592,station_1424_jawaharlal_nehru_stadium_delhi_dpcc_1hr,2021
Winter,180.58658401522027,159.75,102.44674949875453,station_1424_jawaharlal_nehru_stadium_delhi_dpcc_1hr,2021
Monsoon,37.10651668378177,32.75,21.652910476532345,station_1424_jawaharlal_nehru_stadium_delhi_dpcc_1hr,2022
Post-monsoon,137.6450618131868,123.25,93.1346391421402,station_1424_jawaharlal_nehru_stadium_delhi_dpcc_1hr,2022
Pre-monsoon,81.05928016453382,72.0,41.248447177966554,station_1424_jawaharlal_nehru_stadium_delhi_dpcc_1hr,2022
Winter,147.05629870129872,138.75,82.36948859976792,station_1424_jawaharlal_nehru_stadium_delhi_dpcc_1hr,2022
Monsoon,32.57388260650718,30.0,17.013472922850394,station_1424_jawaharlal_nehru_stadium_delhi_dpcc_1hr,2023
Post-monsoon,155.28654005881427,135.0,114.54390988519062,station_1424_jawaharlal_nehru_stadium_delhi_dpcc_1hr,2023
Pre-monsoon,56.11481566820276,45.0,38.05128529132657,station_1424_jawaharlal_nehru_stadium_delhi_dpcc_1hr,2023
Winter,161.99984423676014,148.0,87.5750178576504,station_1424_jawaharlal_nehru_stadium_delhi_dpcc_1hr,2023
Monsoon,88.29789022729835,67.0,72.59426400142857,station_1424_jawaharlal_nehru_stadium_delhi_dpcc_1hr,2024
Post-monsoon,283.3388438155027,260.0,142.0914626330948,station_1424_jawaharlal_nehru_stadium_delhi_dpcc_1hr,2024
Pre-monsoon,169.8733786231884,158.5,70.33759396884739,station_1424_jawaharlal_nehru_stadium_delhi_dpcc_1hr,2024
Winter,260.11153453871117,239.5,129.95970386819386,station_1424_jawaharlal_nehru_stadium_delhi_dpcc_1hr,2024
Monsoon,34.1044941900205,31.0,17.222929840012245,station_1425_major_dhyan_chand_national_stadium_delhi,2021
Post-monsoon,155.40714285714284,133.125,112.7496671712441,station_1425_major_dhyan_chand_national_stadium_delhi,2021
Pre-monsoon,63.26312764908036,52.25,45.13992042109837,station_1425_major_dhyan_chand_national_stadium_delhi,2021
Winter,182.55576298701297,161.625,99.10747794317905,station_1425_major_dhyan_chand_national_stadium_delhi,2021
Monsoon,41.970752393980845,37.25,24.094200555600192,station_1425_major_dhyan_chand_national_stadium_delhi,2022
Post-monsoon,141.22515829046299,124.5,94.03956346534993,station_1425_major_dhyan_chand_national_stadium_delhi,2022
Pre-monsoon,91.22648746463118,80.0,46.67717242004516,station_1425_major_dhyan_chand_national_stadium_delhi,2022
Winter,155.31157686882932,148.5,82.2211939957495,station_1425_major_dhyan_chand_national_stadium_delhi,2022
Monsoon,116.20773077850083,107.75,61.60125452097418,station_1425_major_dhyan_chand_national_stadium_delhi,2023
Post-monsoon,268.39837504514264,248.5,136.01471694228036,station_1425_major_dhyan_chand_national_stadium_delhi,2023
Pre-monsoon,177.48052895576834,156.25,102.15471027599897,station_1425_major_dhyan_chand_national_stadium_delhi,2023
Winter,259.3072268647478,250.0,110.43306277351245,station_1425_major_dhyan_chand_national_stadium_delhi,2023
Monsoon,100.17897136996184,79.0,78.81750823571204,station_1425_major_dhyan_chand_national_stadium_delhi,2024
Post-monsoon,293.9598584254144,273.0,140.65831127494675,station_1425_major_dhyan_chand_national_stadium_delhi,2024
Pre-monsoon,167.42824669187144,155.75,74.62523526253233,station_1425_major_dhyan_chand_national_stadium_delhi,2024
Winter,248.23944227344677,232.125,118.0533560129148,station_1425_major_dhyan_chand_national_stadium_delhi,2024
Monsoon,42.911118808451675,38.0,26.189210348760504,station_1426_narela_delhi_dpcc_1hr,2021
Post-monsoon,183.17427408953603,139.0,140.59376490177266,station_1426_narela_delhi_dpcc_1hr,2021
Pre-monsoon,96.13331112454323,76.0,74.6978588759331,station_1426_narela_delhi_dpcc_1hr,2021
Winter,199.33294609665427,181.625,103.9477746624748,station_1426_narela_delhi_dpcc_1hr,2021
Monsoon,134.94591186971195,107.75,95.77164804146226,station_1426_narela_delhi_dpcc_1hr,2022
Post-monsoon,278.8545096685083,249.0,172.44350816462054,station_1426_narela_delhi_dpcc_1hr,2022
Pre-monsoon,302.4564290387527,270.75,141.6325366050552,station_1426_narela_delhi_dpcc_1hr,2022
Winter,256.7823319891817,229.0,128.97074262330895,station_1426_narela_delhi_dpcc_1hr,2022
Monsoon,39.12985918987754,35.0,22.61298024054716,station_1426_narela_delhi_dpcc_1hr,2023
Post-monsoon,182.50256147540983,160.5,116.68737304483453,station_1426_narela_delhi_dpcc_1hr,2023
Pre-monsoon,85.01045440821257,62.0,67.53524940673555,station_1426_narela_delhi_dpcc_1hr,2023
Winter,175.1102547065338,162.0,92.04014282596454,station_1426_narela_delhi_dpcc_1hr,2023
Monsoon,39.61230716489544,33.75,26.57811719358893,station_1426_narela_delhi_dpcc_1hr,2024
Post-monsoon,191.92959016393442,167.5,137.96507007993722,station_1426_narela_delhi_dpcc_1hr,2024
Pre-monsoon,89.75634664152415,70.0,65.88793542164045,station_1426_narela_delhi_dpcc_1hr,2024
Winter,160.21724596495682,144.5,92.16173406981648,station_1426_narela_delhi_dpcc_1hr,2024
Monsoon,30.860178464954668,28.0,19.135232405694822,station_1427_najafgarh_delhi_dpcc_1hr,2021
Post-monsoon,130.45822436338608,110.0,99.49362507821135,station_1427_najafgarh_delhi_dpcc_1hr,2021
Pre-monsoon,72.83555391233104,55.75,56.71207642843968,station_1427_najafgarh_delhi_dpcc_1hr,2021
Winter,138.02263742006886,122.5,72.10857962224853,station_1427_najafgarh_delhi_dpcc_1hr,2021
Monsoon,93.94574680317443,68.0,86.69294921666557,station_1427_najafgarh_delhi_dpcc_1hr,2022
Post-monsoon,186.23783857729137,173.625,112.3613221591716,station_1427_najafgarh_delhi_dpcc_1hr,2022
Pre-monsoon,224.47127080407859,209.25,110.5941265025022,station_1427_najafgarh_delhi_dpcc_1hr,2022
Winter,162.71013425278156,150.0,82.108834918632,station_1427_najafgarh_delhi_dpcc_1hr,2022
Monsoon,86.97497742491178,75.5,61.75515014997781,station_1427_najafgarh_delhi_dpcc_1hr,2023
Post-monsoon,234.40767304189433,213.0,120.81367473408575,station_1427_najafgarh_delhi_dpcc_1hr,2023
Pre-monsoon,145.19609198006344,122.5,99.30483101893005,station_1427_najafgarh_delhi_dpcc_1hr,2023
Winter,181.28493315399038,167.0,80.57430010337464,station_1427_najafgarh_delhi_dpcc_1hr,2023
Monsoon,81.39213401683331,56.0,83.09120612863276,station_1427_najafgarh_delhi_dpcc_1hr,2024
Post-monsoon,243.08247948591202,224.25,134.83001182609314,station_1427_najafgarh_delhi_dpcc_1hr,2024
Pre-monsoon,182.74056077981652,161.125,107.69818861598836,station_1427_najafgarh_delhi_dpcc_1hr,2024
Winter,184.17189999238326,161.0,96.16044138761396,station_1427_najafgarh_delhi_dpcc_1hr,2024
Monsoon,34.127627939142464,31.0,18.2531662788048,station_1428_okhla_phase_2_delhi_dpcc_1hr,2021
Post-monsoon,159.94716435185185,133.75,118.87620609893098,station_1428_okhla_phase_2_delhi_dpcc_1hr,2021
Pre-monsoon,64.29111641822381,53.0,46.52780040190723,station_1428_okhla_phase_2_delhi_dpcc_1hr,2021
Winter,205.16193593365205,180.125,119.14533560339224,station_1428_okhla_phase_2_delhi_dpcc_1hr,2021
Monsoon,34.87554515148544,30.5,21.161051859089074,station_1428_okhla_phase_2_delhi_dpcc_1hr,2022
Post-monsoon,138.7008573388203,121.5,98.93419433552724,station_1428_okhla_phase_2_delhi_dpcc_1hr,2022
Pre-monsoon,80.87212855192145,70.0,43.96607951631787,station_1428_okhla_phase_2_delhi_dpcc_1hr,2022
Winter,151.28643799349746,143.25,84.0395685184744,station_1428_okhla_phase_2_delhi_dpcc_1hr,2022
Monsoon,34.14778091366189,30.25,18.93071004522799,station_1428_okhla_phase_2_delhi_dpcc_1hr,2023
Post-monsoon,179.83815370196814,155.25,127.58561381904094,station_1428_okhla_phase_2_delhi_dpcc_1hr,2023
Pre-monsoon,64.21970317974484,50.5,45.423699381896384,station_1428_okhla_phase_2_delhi_dpcc_1hr,2023
Winter,173.73680555555555,157.25,103.74393168476647,station_1428_okhla_phase_2_delhi_dpcc_1hr,2023
Monsoon,33.39541062801932,30.0,20.58770025107721,station_1428_okhla_phase_2_delhi_dpcc_1hr,2024
Post-monsoon,175.21124828532237,154.0,129.4976211294772,station_1428_okhla_phase_2_delhi_dpcc_1hr,2024
Pre-monsoon,66.19537624660018,55.75,40.18081931285156,station_1428_okhla_phase_2_delhi_dpcc_1hr,2024
Winter,178.62433734085187,159.75,110.3568924019937,station_1428_okhla_phase_2_delhi_dpcc_1hr,2024
Monsoon,94.45143054119268,73.75,69.81596521437557,station_1429_nehru_nagar_delhi_dpcc_1hr,2021
Post-monsoon,287.06875839677565,267.75,168.55499505709557,station_1429_nehru_nagar_delhi_dpcc_1hr,2021
Pre-monsoon,180.41743176457956,155.75,105.6703662661582,station_1429_nehru_nagar_delhi_dpcc_1hr,2021
Winter,333.03164122051834,294.0,171.3429523160324,station_1429_nehru_nagar_delhi_dpcc_1hr,2021
Monsoon,108.55541566195889,91.25,75.61341934313728,station_1429_nehru_nagar_delhi_dpcc_1hr,2022
Post-monsoon,256.01206967213113,244.125,143.59878960383406,station_1429_nehru_nagar_delhi_dpcc_1hr,2022
Pre-monsoon,243.96868024231162,226.25,106.99214031770875,station_1429_nehru_nagar_delhi_dpcc_1hr,2022
Winter,280.0915929599894,261.0,146.57972099992824,station_1429_nehru_nagar_delhi_dpcc_1hr,2022
Monsoon,104.20936162489095,95.5,62.61390260816887,station_1429_nehru_nagar_delhi_dpcc_1hr,2023
Post-monsoon,325.0077670219354,286.0,172.14221764804185,station_1429_nehru_nagar_delhi_dpcc_1hr,2023
Pre-monsoon,174.80592701801018,152.5,104.46640146485014,station_1429_nehru_nagar_delhi_dpcc_1hr,2023
Winter,322.75099928109273,291.75,159.86492766753418,station_1429_nehru_nagar_delhi_dpcc_1hr,2023
Monsoon,103.15213501323659,85.0,72.34506447491695,station_1429_nehru_nagar_delhi_dpcc_1hr,2024
Post-monsoon,321.88952248031103,301.0,157.92322258827963,station_1429_nehru_nagar_delhi_dpcc_1hr,2024
Pre-monsoon,192.23471467391303,176.375,84.92253338907209,station_1429_nehru_nagar_delhi_dpcc_1hr,2024
Winter,316.8084601237843,291.5,162.9051775170169,station_1429_nehru_nagar_delhi_dpcc_1hr,2024
Monsoon,115.36727323388203,94.375,88.50909930244238,station_1430_rohini_delhi_dpcc_1hr,2021
Post-monsoon,312.1472848360656,275.5,182.49257797683634,station_1430_rohini_delhi_dpcc_1hr,2021
Pre-monsoon,226.43306188925084,195.25,139.53168284048655,station_1430_rohini_delhi_dpcc_1hr,2021
Winter,354.49840579710144,315.25,180.57913054367742,station_1430_rohini_delhi_dpcc_1hr,2021
Monsoon,40.26482726423903,33.25,28.02094966916972,station_1430_rohini_delhi_dpcc_1hr,2022
Post-monsoon,161.10167349726777,141.25,114.06725454184881,station_1430_rohini_delhi_dpcc_1hr,2022
Pre-monsoon,107.01989583333334,85.28999999999999,74.04639644653369,station_1430_rohini_delhi_dpcc_1hr,2022
Winter,169.69150278293137,152.83499999999998,99.86834748657792,station_1430_rohini_delhi_dpcc_1hr,2022
Monsoon,39.42699164917097,35.333333333333336,22.324927444662645,station_1430_rohini_delhi_dpcc_1hr,2023
Post-monsoon,196.2455601092896,161.125,137.87650906150964,station_1430_rohini_delhi_dpcc_1hr,2023
Pre-monsoon,81.1746639480441,59.333333333333336,63.03852929110459,station_1430_rohini_delhi_dpcc_1hr,2023
Winter,187.88757716049383,173.875,103.97712539109233,station_1430_rohini_delhi_dpcc_1hr,2023
Monsoon,139.9702868852459,118.0,97.37567529944631,station_1430_rohini_delhi_dpcc_1hr,2024
Post-monsoon,360.81626575028633,349.0,176.8295376217941,station_1430_rohini_delhi_dpcc_1hr,2024
Pre-monsoon,243.70618156934304,216.0,132.32076874406079,station_1430_rohini_delhi_dpcc_1hr,2024
Winter,295.26386005560704,267.5,158.29632882497427,station_1430_rohini_delhi_dpcc_1hr,2024
Monsoon,45.05827843869826,39.25,26.989211432647913,station_1431_patparganj_delhi_dpcc_1hr,2021
Post-monsoon,167.353573907009,137.0,120.86394050796055,station_1431_patparganj_delhi_dpcc_1hr,2021
Pre-monsoon,81.71599143574973,65.75,66.18350336224931,station_1431_patparganj_delhi_dpcc_1hr,2021
Winter,210.1612271148136,189.25,117.2475074248178,station_1431_patparganj_delhi_dpcc_1hr,2021
Monsoon,112.86747552781243,95.0,80.26898799059032,station_1431_patparganj_delhi_dpcc_1hr,2022
Post-monsoon,269.0007384403037,263.0,143.31744528494806,station_1431_patparganj_delhi_dpcc_1hr,2022
Pre-monsoon,248.91460941614298,232.75,98.54559206206837,station_1431_patparganj_delhi_dpcc_1hr,2022
Winter,265.42977936731813,245.75,124.92449173821345,station_1431_patparganj_delhi_dpcc_1hr,2022
Monsoon,99.53185716592002,88.75,63.515220426549654,station_1431_patparganj_delhi_dpcc_1hr,2023
Post-monsoon,327.2047863833676,290.5,165.3321406032933,station_1431_patparganj_delhi_dpcc_1hr,2023
Pre-monsoon,194.6987819979793,169.25,110.37597048746383,station_1431_patparganj_delhi_dpcc_1hr,2023
Winter,322.73199721964784,298.125,159.03627537360012,station_1431_patparganj_delhi_dpcc_1hr,2023
Monsoon,40.61766737783196,36.0,24.554474929728098,station_1431_patparganj_delhi_dpcc_1hr,2024
Post-monsoon,195.2261961722488,174.0,141.99298462988136,station_1431_patparganj_delhi_dpcc_1hr,2024
Pre-monsoon,60.47095805493208,51.5,35.4789726379499,station_1431_patparganj_delhi_dpcc_1hr,2024
Winter,171.87720629807376,151.0,114.75760715723649,station_1431_patparganj_delhi_dpcc_1hr,2024
Monsoon,48.38586196777708,41.5,30.343854453802393,station_1432_sonia_vihar_delhi_dpcc_1hr,2021
Post-monsoon,176.75066918325325,149.25,130.7495492381446,station_1432_sonia_vihar_delhi_dpcc_1hr,2021
Pre-monsoon,85.68040925863804,73.0,60.94569783065938,station_1432_sonia_vihar_delhi_dpcc_1hr,2021
Winter,203.795105883976,183.0,115.88428193190684,station_1432_sonia_vihar_delhi_dpcc_1hr,2021
Monsoon,134.1669553905748,107.0,98.43295442014934,station_1432_sonia_vihar_delhi_dpcc_1hr,2022
Post-monsoon,294.40494605394605,279.0,160.56174252829703,station_1432_sonia_vihar_delhi_dpcc_1hr,2022
Pre-monsoon,289.449004130335,258.75,134.25785900433843,station_1432_sonia_vihar_delhi_dpcc_1hr,2022
Winter,267.25333764908976,243.125,138.82336739926265,station_1432_sonia_vihar_delhi_dpcc_1hr,2022
Monsoon,44.013973421734235,38.5,26.8448167773851,station_1432_sonia_vihar_delhi_dpcc_1hr,2023
Post-monsoon,190.97353142076503,164.625,127.31297201170564,station_1432_sonia_vihar_delhi_dpcc_1hr,2023
Pre-monsoon,73.96715283943742,58.0,50.66332523052578,station_1432_sonia_vihar_delhi_dpcc_1hr,2023
Winter,173.34648919753087,164.5,86.77233116324282,station_1432_sonia_vihar_delhi_dpcc_1hr,2023
Monsoon,126.28113039712596,105.0,80.56377727802642,station_1432_sonia_vihar_delhi_dpcc_1hr,2024
Post-monsoon,310.5932950607053,297.0,150.25210434663308,station_1432_sonia_vihar_delhi_dpcc_1hr,2024
Pre-monsoon,211.41688730745534,192.0,99.18169181759053,station_1432_sonia_vihar_delhi_dpcc_1hr,2024
Winter,279.4831253572528,258.5,137.00114524874476,station_1432_sonia_vihar_delhi_dpcc_1hr,2024
Monsoon,53.20850986363035,46.5,33.592921270524066,station_1434_wazirpur_delhi_dpcc_1hr,2021
Post-monsoon,192.5678590268019,142.25,154.47642046259458,station_1434_wazirpur_delhi_dpcc_1hr,2021
Pre-monsoon,82.27306988632436,63.5,68.91615463597107,station_1434_wazirpur_delhi_dpcc_1hr,2021
Winter,212.45667541776058,192.5,129.01380838001708,station_1434_wazirpur_delhi_dpcc_1hr,2021
Monsoon,49.404709786722876,42.75,29.54163520815413,station_1434_wazirpur_delhi_dpcc_1hr,2022
Post-monsoon,165.8630179558011,139.5,121.65904291635881,station_1434_wazirpur_delhi_dpcc_1hr,2022
Pre-monsoon,107.35788862936644,86.0,68.0590324876702,station_1434_wazirpur_delhi_dpcc_1hr,2022
Winter,173.77173733009272,156.0,100.57910280500178,station_1434_wazirpur_delhi_dpcc_1hr,2022
Monsoon,164.75897548044466,154.0,90.19573431463346,station_1434_wazirpur_delhi_dpcc_1hr,2023
Post-monsoon,399.960439435337,363.875,190.27421279571283,station_1434_wazirpur_delhi_dpcc_1hr,2023
Pre-monsoon,235.59791900636398,204.125,130.35225207287343,station_1434_wazirpur_delhi_dpcc_1hr,2023
Winter,355.997032122905,333.125,152.0396030384498,station_1434_wazirpur_delhi_dpcc_1hr,2023
Monsoon,153.71103024348795,143.0,83.35358587715025,station_1434_wazirpur_delhi_dpcc_1hr,2024
Post-monsoon,415.47294520547945,387.5,189.8477684797635,station_1434_wazirpur_delhi_dpcc_1hr,2024
Pre-monsoon,242.0223297002725,223.75,103.09261027247814,station_1434_wazirpur_delhi_dpcc_1hr,2024
Winter,351.6608268388897,321.0,164.93014093338346,station_1434_wazirpur_delhi_dpcc_1hr,2024
Monsoon,44.45673716853469,38.5,32.065243299466395,station_1435_vivek_vihar_delhi_dpcc_1hr,2021
Post-monsoon,185.5218700923329,128.5,159.08699176527224,station_1435_vivek_vihar_delhi_dpcc_1hr,2021
Pre-monsoon,87.56816238514986,70.5,62.141356378370084,station_1435_vivek_vihar_delhi_dpcc_1hr,2021
Winter,227.42482559206903,206.0,125.84440781198944,station_1435_vivek_vihar_delhi_dpcc_1hr,2021
Monsoon,133.98510649261422,108.5,99.28156116278228,station_1435_vivek_vihar_delhi_dpcc_1hr,2022
Post-monsoon,301.470227651033,285.75,162.33152037391977,station_1435_vivek_vihar_delhi_dpcc_1hr,2022
Pre-monsoon,285.0284969233464,264.75,119.89298455923664,station_1435_vivek_vihar_delhi_dpcc_1hr,2022
Winter,300.10581681151547,280.0,139.3696393014135,station_1435_vivek_vihar_delhi_dpcc_1hr,2022
Monsoon,124.42337305666678,114.5,67.25448408825957,station_1435_vivek_vihar_delhi_dpcc_1hr,2023
Post-monsoon,341.7297928051002,301.875,168.81461392496865,station_1435_vivek_vihar_delhi_dpcc_1hr,2023
Pre-monsoon,205.72427446909737,181.75,111.99480429893421,station_1435_vivek_vihar_delhi_dpcc_1hr,2023
Winter,335.85783549108305,312.25,143.99063918191052,station_1435_vivek_vihar_delhi_dpcc_1hr,2023
Monsoon,116.19981300478746,88.5,90.488308326601,station_1435_vivek_vihar_delhi_dpcc_1hr,2024
Post-monsoon,352.95725049671404,334.0,178.224954371201,station_1435_vivek_vihar_delhi_dpcc_1hr,2024
Pre-monsoon,222.56829181901279,205.0,97.08367660504449,station_1435_vivek_vihar_delhi_dpcc_1hr,2024
Winter,301.81914463512675,275.578125,149.8449706694193,station_1435_vivek_vihar_delhi_dpcc_1hr,2024
Monsoon,46.75113986972918,41.75,26.448437583248108,station_1560_bawana_delhi_dpcc_1hr,2021
Post-monsoon,185.3800550206327,157.375,128.98292523526203,station_1560_bawana_delhi_dpcc_1hr,2021
Pre-monsoon,112.82189809613287,86.0,90.25783316749357,station_1560_bawana_delhi_dpcc_1hr,2021
Winter,215.21882837900606,195.0,114.69057383737558,station_1560_bawana_delhi_dpcc_1hr,2021
Monsoon,133.4185465116279,105.625,103.44774333004133,station_1560_bawana_delhi_dpcc_1hr,2022
Post-monsoon,311.0933152067411,283.125,181.5415848483919,station_1560_bawana_delhi_dpcc_1hr,2022
Pre-monsoon,334.2494421986047,307.0,149.64699200934487,station_1560_bawana_delhi_dpcc_1hr,2022
Winter,289.04967736931906,261.75,145.98728840213542,station_1560_bawana_delhi_dpcc_1hr,2022
Monsoon,124.6957785950235,114.25,71.58894313750918,station_1560_bawana_delhi_dpcc_1hr,2023
Post-monsoon,368.48215988827576,338.75,180.1274235021041,station_1560_bawana_delhi_dpcc_1hr,2023
Pre-monsoon,230.64815671756904,187.0,152.40341654848703,station_1560_bawana_delhi_dpcc_1hr,2023
Winter,315.38576945877577,288.75,149.5265747652972,station_1560_bawana_delhi_dpcc_1hr,2023
Monsoon,125.37942530442531,97.375,89.02853628646864,station_1560_bawana_delhi_dpcc_1hr,2024
Post-monsoon,356.03202378768424,333.5,178.13969001674675,station_1560_bawana_delhi_dpcc_1hr,2024
Pre-monsoon,256.04846014492756,232.0,124.06871431641467,station_1560_bawana_delhi_dpcc_1hr,2024
Winter,288.03148419606043,257.0,149.9309616465417,station_1560_bawana_delhi_dpcc_1hr,2024
Monsoon,40.18699853095868,34.75,25.169641447009464,station_1561_mundka_delhi_dpcc_1hr,2021
Post-monsoon,183.40505464480876,149.875,137.94025580543402,station_1561_mundka_delhi_dpcc_1hr,2021
Pre-monsoon,106.86644478187561,77.75,89.19117811993875,station_1561_mundka_delhi_dpcc_1hr,2021
Winter,238.69782753547585,209.5,137.41090893675195,station_1561_mundka_delhi_dpcc_1hr,2021
Monsoon,45.0669455852156,36.0,35.119777528078565,station_1561_mundka_delhi_dpcc_1hr,2022
Post-monsoon,163.0820484682213,144.625,114.26764241568105,station_1561_mundka_delhi_dpcc_1hr,2022
Pre-monsoon,120.83120047814207,94.375,81.14085471083271,station_1561_mundka_delhi_dpcc_1hr,2022
Winter,172.0600849798916,153.625,100.93659962378166,station_1561_mundka_delhi_dpcc_1hr,2022
Monsoon,43.25527376015797,38.0,27.76492703202852,station_1561_mundka_delhi_dpcc_1hr,2023
Post-monsoon,217.82028795627124,198.5,141.1420667342119,station_1561_mundka_delhi_dpcc_1hr,2023
Pre-monsoon,88.16783665458938,62.25,68.94753458290992,station_1561_mundka_delhi_dpcc_1hr,2023
Winter,194.67360827321355,181.875,105.70962811608732,station_1561_mundka_delhi_dpcc_1hr,2023
Monsoon,42.80562907082644,36.0,32.87525590377328,station_1561_mundka_delhi_dpcc_1hr,2024
Post-monsoon,209.14466484268127,179.0,148.7063256526342,station_1561_mundka_delhi_dpcc_1hr,2024
Pre-monsoon,102.70683996890249,74.25,80.36008718560277,station_1561_mundka_delhi_dpcc_1hr,2024
Winter,196.30380470817238,179.0,116.20672304141624,station_1561_mundka_delhi_dpcc_1hr,2024
Monsoon,31.94159736233453,29.25,17.113902235962584,station_1562_sri_aurobindo_marg_delhi_dpcc_1hr,2021
Post-monsoon,134.41022418615964,116.25,103.65695419886342,station_1562_sri_aurobindo_marg_delhi_dpcc_1hr,2021
Pre-monsoon,61.42921649207871,52.0,42.835106681356486,station_1562_sri_aurobindo_marg_delhi_dpcc_1hr,2021
Winter,158.50528376783606,146.0,81.36143325358795,station_1562_sri_aurobindo_marg_delhi_dpcc_1hr,2021
Monsoon,34.17151950718686,30.0,19.53163884257081,station_1562_sri_aurobindo_marg_delhi_dpcc_1hr,2022
Post-monsoon,120.78521634986865,103.0,85.78048881683068,station_1562_sri_aurobindo_marg_delhi_dpcc_1hr,2022
Pre-monsoon,73.42937569915115,67.0,36.716176264486315,station_1562_sri_aurobindo_marg_delhi_dpcc_1hr,2022
Winter,130.0118919465803,121.0,69.48654944399081,station_1562_sri_aurobindo_marg_delhi_dpcc_1hr,2022
Monsoon,32.84201223006004,30.5,17.088875800738563,station_1562_sri_aurobindo_marg_delhi_dpcc_1hr,2023
Post-monsoon,145.59073315118397,123.0,100.88656501070685,station_1562_sri_aurobindo_marg_delhi_dpcc_1hr,2023
Pre-monsoon,52.39479686899731,44.0,34.01583470741634,station_1562_sri_aurobindo_marg_delhi_dpcc_1hr,2023
Winter,153.40787037037038,136.0,86.01900571312648,station_1562_sri_aurobindo_marg_delhi_dpcc_1hr,2023
Monsoon,102.15163455383095,83.25,70.9165866543664,station_1562_sri_aurobindo_marg_delhi_dpcc_1hr,2024
Post-monsoon,233.2467676967124,211.0,134.76175806903746,station_1562_sri_aurobindo_marg_delhi_dpcc_1hr,2024
Pre-monsoon,177.28420692798542,165.0,74.03824549897426,station_1562_sri_aurobindo_marg_delhi_dpcc_1hr,2024
Winter,242.10781816990897,223.25,117.12097157104132,station_1562_sri_aurobindo_marg_delhi_dpcc_1hr,2024
Monsoon,35.42570488396259,32.75,18.641445568410138,station_1563_pusa_delhi_dpcc_1hr,2021
Post-monsoon,143.0287575935724,124.5,99.72128107318414,station_1563_pusa_delhi_dpcc_1hr,2021
Pre-monsoon,67.07718918004153,56.25,48.48159319603213,station_1563_pusa_delhi_dpcc_1hr,2021
Winter,179.18410137060172,165.5,91.3547274976772,station_1563_pusa_delhi_dpcc_1hr,2021
Monsoon,130.22890421340503,107.875,95.1719264314492,station_1563_pusa_delhi_dpcc_1hr,2022
Post-monsoon,270.1511473101617,259.25,123.57959349549327,station_1563_pusa_delhi_dpcc_1hr,2022
Pre-monsoon,251.5807866889942,236.25,95.79598378177039,station_1563_pusa_delhi_dpcc_1hr,2022
Winter,271.6999338809858,263.0,111.62684712551813,station_1563_pusa_delhi_dpcc_1hr,2022
Monsoon,35.665062730592396,33.25,19.325797282020844,station_1563_pusa_delhi_dpcc_1hr,2023
Post-monsoon,160.08674860580152,135.75,111.19945326327992,station_1563_pusa_delhi_dpcc_1hr,2023
Pre-monsoon,62.576445966514456,52.75,38.77003200060392,station_1563_pusa_delhi_dpcc_1hr,2023
Winter,166.7288503352786,152.75,84.7384192203243,station_1563_pusa_delhi_dpcc_1hr,2023
Monsoon,119.92075013920928,95.0,96.7212764668359,station_1563_pusa_delhi_dpcc_1hr,2024
Post-monsoon,277.9702580195258,249.0,134.498300076924,station_1563_pusa_delhi_dpcc_1hr,2024
Pre-monsoon,222.36298806179778,204.25,95.59684117771519,station_1563_pusa_delhi_dpcc_1hr,2024
Winter,306.6830860278765,287.625,133.29992027955765,station_1563_pusa_delhi_dpcc_1hr,2024
Monsoon,64.07932974638967,56.5,37.627114500782746,station_301_anand_vihar_delhi_dpcc_1hr,2021
Post-monsoon,170.75242153426268,138.5,123.7528917682161,station_301_anand_vihar_delhi_dpcc_1hr,2021
Pre-monsoon,91.38890194404694,73.5,71.03030786031982,station_301_anand_vihar_delhi_dpcc_1hr,2021
Winter,228.53227124183007,200.875,137.17790499092408,station_301_anand_vihar_delhi_dpcc_1hr,2021
Monsoon,53.784034605248074,47.5,35.5755563066621,station_301_anand_vihar_delhi_dpcc_1hr,2022
Post-monsoon,167.16428601140228,150.5,107.2553045184446,station_301_anand_vihar_delhi_dpcc_1hr,2022
Pre-monsoon,112.2595654539456,95.0,62.62043086423463,station_301_anand_vihar_delhi_dpcc_1hr,2022
Winter,202.74303538175045,177.5,130.07994424050543,station_301_anand_vihar_delhi_dpcc_1hr,2022
Monsoon,53.707903703920394,47.0,31.89114288720912,station_301_anand_vihar_delhi_dpcc_1hr,2023
Post-monsoon,210.4612029622974,183.0,139.74974996507328,station_301_anand_vihar_delhi_dpcc_1hr,2023
Pre-monsoon,90.66487394323671,67.25,65.64075709253349,station_301_anand_vihar_delhi_dpcc_1hr,2023
Winter,203.45812857363623,184.25,116.45691451781899,station_301_anand_vihar_delhi_dpcc_1hr,2023
Monsoon,186.30366863250515,149.0,143.76689394176975,station_301_anand_vihar_delhi_dpcc_1hr,2024
Post-monsoon,536.196029457594,500.0,208.47400153593298,station_301_anand_vihar_delhi_dpcc_1hr,2024
Pre-monsoon,288.6903880832159,256.0,143.90934904479872,station_301_anand_vihar_delhi_dpcc_1hr,2024
Winter,353.13119894424284,327.0,172.10256730549358,station_301_anand_vihar_delhi_dpcc_1hr,2024
