station_folder,site_id,year,pm25_avail_pct,windspd_avail_pct,winddir_avail_pct
station_103_crri_mathura_road_delhi_imd_1hr,103,2021,96.8,0.0,0.0
station_104_burari_crossing_delhi_imd_1hr,104,2021,18.15,0.0,0.0
station_105_north_campus_du_delhi_imd_1hr,105,2021,93.15,0.0,0.0
station_106_igi_airport__t3__delhi_imd_1hr,106,2021,64.08,0.0,0.0
station_107_pusa_delhi_imd_1hr,107,2021,72.31,0.0,0.0
station_108_aya_nagar_delhi_imd_1hr,108,2021,96.26,0.0,0.0
station_109_lodhi_road_delhi_imd_1hr,109,2021,94.5,0.0,0.0
station_113_shadipur_delhi_cpcb_1hr,113,2021,97.88,99.69,99.69
station_114_ihbas_dilshad_garden_delhi_cpcb_1hr,114,2021,93.5,94.17,94.33
station_115_nsit_dwarka_delhi_cpcb_1hr,115,2021,96.6,99.54,99.51
station_117_ito_delhi_cpcb_1hr,117,2021,85.61,0.0,0.0
station_118_dtu_delhi_cpcb_1hr,118,2021,94.89,99.5,99.5
station_119_sirifort_delhi_cpcb_1hr,119,2021,93.3,94.68,94.66
station_122_mandir_marg_delhi_dpcc_1hr,122,2021,96.54,98.29,98.29
station_124_r_k_puram_delhi_dpcc_1hr,124,2021,94.69,98.03,98.03
station_125_punjabi_bagh_delhi_dpcc_1hr,125,2021,95.4,98.24,98.22
station_1420_ashok_vihar_delhi_dpcc_1hr,1420,2021,97.51,95.05,97.6
station_1421_dr__karni_singh_shooting_range_delhi_dpc,1421,2021,98.66,99.09,99.09
station_1422_dwarka_sector_8_delhi_dpcc__1hr,1422,2021,98.45,98.45,98.45
station_1423_jahangirpuri_delhi_dpcc_1hr,1423,2021,96.91,94.2,94.22
station_1424_jawaharlal_nehru_stadium_delhi_dpcc_1hr,1424,2021,96.67,97.12,97.12
station_1425_major_dhyan_chand_national_stadium_delhi,1425,2021,98.72,99.26,99.26
station_1426_narela_delhi_dpcc_1hr,1426,2021,96.89,96.78,96.78
station_1427_najafgarh_delhi_dpcc_1hr,1427,2021,94.68,95.19,95.45
station_1428_okhla_phase_2_delhi_dpcc_1hr,1428,2021,97.41,98.24,98.24
station_1429_nehru_nagar_delhi_dpcc_1hr,1429,2021,97.81,97.75,97.76
station_1430_rohini_delhi_dpcc_1hr,1430,2021,98.36,98.17,98.17
station_1431_patparganj_delhi_dpcc_1hr,1431,2021,96.39,97.48,97.48
station_1432_sonia_vihar_delhi_dpcc_1hr,1432,2021,96.38,97.4,97.4
station_1434_wazirpur_delhi_dpcc_1hr,1434,2021,91.22,94.91,95.76
station_1435_vivek_vihar_delhi_dpcc_1hr,1435,2021,91.75,95.86,95.86
station_1560_bawana_delhi_dpcc_1hr,1560,2021,96.58,97.92,97.92
station_1561_mundka_delhi_dpcc_1hr,1561,2021,96.52,97.39,97.39
station_1562_sri_aurobindo_marg_delhi_dpcc_1hr,1562,2021,97.44,98.26,98.26
station_1563_pusa_delhi_dpcc_1hr,1563,2021,96.75,97.37,97.37
station_301_anand_vihar_delhi_dpcc_1hr,301,2021,92.27,94.06,94.02
station_5393_chandni_chowk_delhi_iitm_1hr,5393,2021,88.39,90.11,90.11
station_5395_lodhi_road_delhi_iitm_1hr,5395,2021,77.51,83.31,83.29
station_103_crri_mathura_road_delhi_imd_1hr,103,2022,97.37,0.0,0.0
station_104_burari_crossing_delhi_imd_1hr,104,2022,62.61,0.0,0.0
station_105_north_campus_du_delhi_imd_1hr,105,2022,97.09,0.0,0.0
station_106_igi_airport__t3__delhi_imd_1hr,106,2022,98.16,0.0,0.0
station_107_pusa_delhi_imd_1hr,107,2022,93.84,0.0,0.0
station_108_aya_nagar_delhi_imd_1hr,108,2022,94.0,0.0,0.0
station_109_lodhi_road_delhi_imd_1hr,109,2022,97.0,0.0,0.0
station_113_shadipur_delhi_cpcb_1hr,113,2022,95.08,99.2,99.2
station_114_ihbas_dilshad_garden_delhi_cpcb_1hr,114,2022,88.74,92.91,92.49
station_115_nsit_dwarka_delhi_cpcb_1hr,115,2022,95.02,99.41,99.37
station_117_ito_delhi_cpcb_1hr,117,2022,96.51,0.0,0.0
station_118_dtu_delhi_cpcb_1hr,118,2022,89.62,95.8,95.79
station_119_sirifort_delhi_cpcb_1hr,119,2022,93.16,97.25,97.31
station_122_mandir_marg_delhi_dpcc_1hr,122,2022,96.82,97.34,97.34
station_124_r_k_puram_delhi_dpcc_1hr,124,2022,97.9,99.02,99.02
station_125_punjabi_bagh_delhi_dpcc_1hr,125,2022,97.15,98.94,98.94
station_1420_ashok_vihar_delhi_dpcc_1hr,1420,2022,96.29,97.69,97.75
station_1421_dr__karni_singh_shooting_range_delhi_dpc,1421,2022,98.69,98.78,98.92
station_1422_dwarka_sector_8_delhi_dpcc__1hr,1422,2022,97.98,98.12,98.42
station_1423_jahangirpuri_delhi_dpcc_1hr,1423,2022,96.93,97.11,97.11
station_1424_jawaharlal_nehru_stadium_delhi_dpcc_1hr,1424,2022,94.86,95.37,95.37
station_1425_major_dhyan_chand_national_stadium_delhi,1425,2022,97.77,98.68,98.68
station_1426_narela_delhi_dpcc_1hr,1426,2022,97.43,98.42,98.42
station_1427_najafgarh_delhi_dpcc_1hr,1427,2022,93.05,92.53,93.36
station_1428_okhla_phase_2_delhi_dpcc_1hr,1428,2022,99.12,99.45,99.45
station_1429_nehru_nagar_delhi_dpcc_1hr,1429,2022,98.62,98.13,98.44
station_1430_rohini_delhi_dpcc_1hr,1430,2022,99.36,98.64,98.64
station_1431_patparganj_delhi_dpcc_1hr,1431,2022,97.58,97.69,97.69
station_1432_sonia_vihar_delhi_dpcc_1hr,1432,2022,96.96,97.36,97.42
station_1434_wazirpur_delhi_dpcc_1hr,1434,2022,96.79,97.27,97.27
station_1435_vivek_vihar_delhi_dpcc_1hr,1435,2022,96.42,97.13,97.13
station_1560_bawana_delhi_dpcc_1hr,1560,2022,98.72,98.74,98.95
station_1561_mundka_delhi_dpcc_1hr,1561,2022,97.56,98.55,98.56
station_1562_sri_aurobindo_marg_delhi_dpcc_1hr,1562,2022,97.37,98.36,98.73
station_1563_pusa_delhi_dpcc_1hr,1563,2022,95.82,96.04,96.04
station_301_anand_vihar_delhi_dpcc_1hr,301,2022,97.58,98.29,98.29
station_5393_chandni_chowk_delhi_iitm_1hr,5393,2022,52.35,50.73,54.14
station_5395_lodhi_road_delhi_iitm_1hr,5395,2022,47.29,27.61,27.6
station_103_crri_mathura_road_delhi_imd_1hr,103,2023,93.13,0.0,0.0
station_104_burari_crossing_delhi_imd_1hr,104,2023,92.81,0.0,0.0
station_105_north_campus_du_delhi_imd_1hr,105,2023,94.76,0.0,0.0
station_106_igi_airport__t3__delhi_imd_1hr,106,2023,99.43,0.0,0.0
station_107_pusa_delhi_imd_1hr,107,2023,87.74,0.0,0.0
station_108_aya_nagar_delhi_imd_1hr,108,2023,93.62,0.0,0.0
station_109_lodhi_road_delhi_imd_1hr,109,2023,97.91,0.0,0.0
station_113_shadipur_delhi_cpcb_1hr,113,2023,93.77,99.5,98.93
station_114_ihbas_dilshad_garden_delhi_cpcb_1hr,114,2023,90.98,93.9,93.7
station_115_nsit_dwarka_delhi_cpcb_1hr,115,2023,94.98,99.85,99.82
station_117_ito_delhi_cpcb_1hr,117,2023,93.28,0.0,0.0
station_118_dtu_delhi_cpcb_1hr,118,2023,93.52,66.36,66.36
station_119_sirifort_delhi_cpcb_1hr,119,2023,94.51,59.35,59.44
station_122_mandir_marg_delhi_dpcc_1hr,122,2023,95.01,90.35,90.34
station_124_r_k_puram_delhi_dpcc_1hr,124,2023,95.45,96.52,96.51
station_125_punjabi_bagh_delhi_dpcc_1hr,125,2023,95.37,97.05,97.05
station_1420_ashok_vihar_delhi_dpcc_1hr,1420,2023,90.05,95.15,95.49
station_1421_dr__karni_singh_shooting_range_delhi_dpc,1421,2023,96.52,97.32,97.61
station_1422_dwarka_sector_8_delhi_dpcc__1hr,1422,2023,96.82,97.65,97.67
station_1423_jahangirpuri_delhi_dpcc_1hr,1423,2023,94.84,96.69,96.69
station_1424_jawaharlal_nehru_stadium_delhi_dpcc_1hr,1424,2023,95.13,96.7,96.7
station_1425_major_dhyan_chand_national_stadium_delhi,1425,2023,96.64,97.51,97.51
station_1426_narela_delhi_dpcc_1hr,1426,2023,97.6,97.85,97.85
station_1427_najafgarh_delhi_dpcc_1hr,1427,2023,95.25,94.63,94.95
station_1428_okhla_phase_2_delhi_dpcc_1hr,1428,2023,96.86,97.32,97.32
station_1429_nehru_nagar_delhi_dpcc_1hr,1429,2023,96.5,96.54,96.6
station_1430_rohini_delhi_dpcc_1hr,1430,2023,97.6,93.03,93.03
station_1431_patparganj_delhi_dpcc_1hr,1431,2023,97.25,97.12,97.17
station_1432_sonia_vihar_delhi_dpcc_1hr,1432,2023,96.12,95.42,95.97
station_1434_wazirpur_delhi_dpcc_1hr,1434,2023,95.87,96.0,96.0
station_1435_vivek_vihar_delhi_dpcc_1hr,1435,2023,94.76,95.61,95.61
station_1560_bawana_delhi_dpcc_1hr,1560,2023,95.51,97.82,97.82
station_1561_mundka_delhi_dpcc_1hr,1561,2023,95.97,96.71,96.71
station_1562_sri_aurobindo_marg_delhi_dpcc_1hr,1562,2023,97.07,96.31,96.66
station_1563_pusa_delhi_dpcc_1hr,1563,2023,95.1,95.47,95.47
station_301_anand_vihar_delhi_dpcc_1hr,301,2023,91.43,92.84,92.59
station_5393_chandni_chowk_delhi_iitm_1hr,5393,2023,29.44,27.08,27.5
station_5395_lodhi_road_delhi_iitm_1hr,5395,2023,14.91,25.37,25.38
station_103_crri_mathura_road_delhi_imd_1hr,103,2024,79.17,0.0,0.0
station_104_burari_crossing_delhi_imd_1hr,104,2024,96.57,0.0,0.0
station_105_north_campus_du_delhi_imd_1hr,105,2024,97.14,0.0,0.0
station_106_igi_airport__t3__delhi_imd_1hr,106,2024,99.17,0.0,0.0
station_107_pusa_delhi_imd_1hr,107,2024,98.46,0.0,0.0
station_108_aya_nagar_delhi_imd_1hr,108,2024,98.41,0.0,0.0
station_109_lodhi_road_delhi_imd_1hr,109,2024,98.74,0.0,0.0
station_113_shadipur_delhi_cpcb_1hr,113,2024,96.78,99.48,99.48
station_114_ihbas_dilshad_garden_delhi_cpcb_1hr,114,2024,95.36,98.1,98.09
station_115_nsit_dwarka_delhi_cpcb_1hr,115,2024,96.05,99.86,99.82
station_117_ito_delhi_cpcb_1hr,117,2024,95.46,0.0,0.0
station_118_dtu_delhi_cpcb_1hr,118,2024,94.59,69.66,90.15
station_119_sirifort_delhi_cpcb_1hr,119,2024,97.07,74.86,82.73
station_122_mandir_marg_delhi_dpcc_1hr,122,2024,86.25,90.73,90.73
station_124_r_k_puram_delhi_dpcc_1hr,124,2024,95.05,98.46,98.46
station_125_punjabi_bagh_delhi_dpcc_1hr,125,2024,97.39,99.18,99.18
station_1420_ashok_vihar_delhi_dpcc_1hr,1420,2024,98.24,99.4,99.4
station_1421_dr__karni_singh_shooting_range_delhi_dpc,1421,2024,98.21,99.53,99.54
station_1422_dwarka_sector_8_delhi_dpcc__1hr,1422,2024,99.74,99.89,99.89
station_1423_jahangirpuri_delhi_dpcc_1hr,1423,2024,96.24,95.7,96.31
station_1424_jawaharlal_nehru_stadium_delhi_dpcc_1hr,1424,2024,98.26,98.82,98.51
station_1425_major_dhyan_chand_national_stadium_delhi,1425,2024,95.13,97.71,97.71
station_1426_narela_delhi_dpcc_1hr,1426,2024,98.63,98.96,98.95
station_1427_najafgarh_delhi_dpcc_1hr,1427,2024,94.77,94.96,96.21
station_1428_okhla_phase_2_delhi_dpcc_1hr,1428,2024,98.83,99.5,99.51
station_1429_nehru_nagar_delhi_dpcc_1hr,1429,2024,98.67,99.72,99.72
station_1430_rohini_delhi_dpcc_1hr,1430,2024,98.54,97.89,98.04
station_1431_patparganj_delhi_dpcc_1hr,1431,2024,98.14,98.24,98.33
station_1432_sonia_vihar_delhi_dpcc_1hr,1432,2024,96.73,97.85,97.85
station_1434_wazirpur_delhi_dpcc_1hr,1434,2024,97.72,98.25,98.22
station_1435_vivek_vihar_delhi_dpcc_1hr,1435,2024,97.13,98.28,98.28
station_1560_bawana_delhi_dpcc_1hr,1560,2024,98.26,95.32,99.58
station_1561_mundka_delhi_dpcc_1hr,1561,2024,96.61,96.55,98.21
station_1562_sri_aurobindo_marg_delhi_dpcc_1hr,1562,2024,98.45,95.75,96.39
station_1563_pusa_delhi_dpcc_1hr,1563,2024,97.03,98.36,98.36
station_301_anand_vihar_delhi_dpcc_1hr,301,2024,82.81,84.88,86.7
station_5393_chandni_chowk_delhi_iitm_1hr,5393,2024,73.29,19.85,51.81
station_5395_lodhi_road_delhi_iitm_1hr,5395,2024,60.96,45.42,45.42
